"filename", "language", "Rust", "comment", "blank", "total"
"c:\Users\andre\RemoteFolder\ZanLing-TrueZero\src\bin\battle.rs", "Rust", 141, 6, 13, 160
"c:\Users\andre\RemoteFolder\ZanLing-TrueZero\src\bin\enginetest.rs", "Rust", 256, 5, 17, 278
"c:\Users\andre\RemoteFolder\ZanLing-TrueZero\src\bin\getdecode.rs", "Rust", 18, 2, 2, 22
"c:\Users\andre\RemoteFolder\ZanLing-TrueZero\src\bin\getgame.rs", "Rust", 137, 6, 13, 156
"c:\Users\andre\RemoteFolder\ZanLing-TrueZero\src\bin\getinferencetime.rs", "Rust", 29, 2, 6, 37
"c:\Users\andre\RemoteFolder\ZanLing-TrueZero\src\bin\getmove.rs", "Rust", 95, 14, 4, 113
"c:\Users\andre\RemoteFolder\ZanLing-TrueZero\src\bin\main.rs", "Rust", 400, 4, 31, 435
"c:\Users\andre\RemoteFolder\ZanLing-TrueZero\src\bin\server.rs", "Rust", 396, 4, 15, 415
"c:\Users\andre\RemoteFolder\ZanLing-TrueZero\src\bin\ucimain.rs", "Rust", 6, 2, 2, 10
"c:\Users\andre\RemoteFolder\ZanLing-TrueZero\src\boardmanager.rs", "Rust", 57, 3, 9, 69
"c:\Users\andre\RemoteFolder\ZanLing-TrueZero\src\cache.rs", "Rust", 5, 0, 1, 6
"c:\Users\andre\RemoteFolder\ZanLing-TrueZero\src\dataformat.rs", "Rust", 130, 8, 16, 154
"c:\Users\andre\RemoteFolder\ZanLing-TrueZero\src\decoder.rs", "Rust", 199, 28, 50, 277
"c:\Users\andre\RemoteFolder\ZanLing-TrueZero\src\dirichlet.rs", "Rust", 48, 4, 11, 63
"c:\Users\andre\RemoteFolder\ZanLing-TrueZero\src\elo.rs", "Rust", 32, 0, 9, 41
"c:\Users\andre\RemoteFolder\ZanLing-TrueZero\src\executor.rs", "Rust", 221, 8, 36, 265
"c:\Users\andre\RemoteFolder\ZanLing-TrueZero\src\fileformat.rs", "Rust", 413, 15, 70, 498
"c:\Users\andre\RemoteFolder\ZanLing-TrueZero\src\lib.rs", "Rust", 126, 11, 14, 151
"c:\Users\andre\RemoteFolder\ZanLing-TrueZero\src\mcts.rs", "Rust", 154, 4, 20, 178
"c:\Users\andre\RemoteFolder\ZanLing-TrueZero\src\mcts_trainer.rs", "Rust", 774, 33, 89, 896
"c:\Users\andre\RemoteFolder\ZanLing-TrueZero\src\message_types.rs", "Rust", 69, 0, 8, 77
"c:\Users\andre\RemoteFolder\ZanLing-TrueZero\src\mvs.rs", "Rust", 189, 0, 2, 191
"c:\Users\andre\RemoteFolder\ZanLing-TrueZero\src\selfplay.rs", "Rust", 102, 7, 8, 117
"c:\Users\andre\RemoteFolder\ZanLing-TrueZero\src\settings.rs", "Rust", 85, 4, 8, 97
"c:\Users\andre\RemoteFolder\ZanLing-TrueZero\src\uci.rs", "Rust", 487, 7, 47, 541
"c:\Users\andre\RemoteFolder\ZanLing-TrueZero\src\utils.rs", "Rust", 50, 0, 4, 54
"Total", "-", 4619, 177, 505, 5301